SalesRep_ID,SalesRep_Name,Manager,Region_ID
SR001,Sales Rep 01,Manager 1,R01
SR002,Sales Rep 02,Manager 1,R02
SR003,Sales Rep 03,Manager 1,R03
SR004,Sales Rep 04,Manager 1,R04
SR005,Sales Rep 05,Manager 1,R01
SR006,Sales Rep 06,Manager 1,R02
SR007,Sales Rep 07,Manager 1,R03
SR008,Sales Rep 08,Manager 1,R04
SR009,Sales Rep 09,Manager 2,R01
SR010,Sales Rep 10,Manager 2,R02
SR011,Sales Rep 11,Manager 2,R03
SR012,Sales Rep 12,Manager 2,R04
SR013,Sales Rep 13,Manager 2,R01
SR014,Sales Rep 14,Manager 2,R02
SR015,Sales Rep 15,Manager 2,R03
SR016,Sales Rep 16,Manager 2,R04
SR017,Sales Rep 17,Manager 3,R01
SR018,Sales Rep 18,Manager 3,R02
SR019,Sales Rep 19,Manager 3,R03
SR020,Sales Rep 20,Manager 3,R04
SR021,Sales Rep 21,Manager 3,R01
SR022,Sales Rep 22,Manager 3,R02
SR023,Sales Rep 23,Manager 3,R03
SR024,Sales Rep 24,Manager 3,R04
SR025,Sales Rep 25,Manager 4,R01
SR026,Sales Rep 26,Manager 4,R02
SR027,Sales Rep 27,Manager 4,R03
SR028,Sales Rep 28,Manager 4,R04
SR029,Sales Rep 29,Manager 4,R01
SR030,Sales Rep 30,Manager 4,R02
SR031,Sales Rep 31,Manager 4,R03
SR032,Sales Rep 32,Manager 4,R04
SR033,Sales Rep 33,Manager 5,R01
SR034,Sales Rep 34,Manager 5,R02
SR035,Sales Rep 35,Manager 5,R03
SR036,Sales Rep 36,Manager 5,R04
SR037,Sales Rep 37,Manager 5,R01
SR038,Sales Rep 38,Manager 5,R02
SR039,Sales Rep 39,Manager 5,R03
SR040,Sales Rep 40,Manager 5,R04
