Month,Region_ID,SalesRep_ID,Target_Revenue
2024-01-01,R01,SR001,1455924.13
2024-01-01,R01,SR005,1456413.69
2024-01-01,R01,SR009,1086818.05
2024-01-01,R01,SR013,969060.31
2024-01-01,R01,SR017,962914.21
2024-01-01,R01,SR021,1520847.91
2024-01-01,R01,SR025,1459664.77
2024-01-01,R01,SR029,1360679.75
2024-01-01,R01,SR033,1040639.88
2024-01-01,R01,SR037,1252784.54
2024-01-01,R02,SR002,1131000.43
2024-01-01,R02,SR006,1493923.92
2024-01-01,R02,SR010,1544333.0
2024-01-01,R02,SR014,968589.76
2024-01-01,R02,SR018,996177.27
2024-01-01,R02,SR022,975184.58
2024-01-01,R02,SR026,1243486.1
2024-01-01,R02,SR030,1008443.82
2024-01-01,R02,SR034,1457423.85
2024-01-01,R02,SR038,1430699.2
2024-01-01,R03,SR003,1406648.37
2024-01-01,R03,SR007,1306053.28
2024-01-01,R03,SR011,1182961.74
2024-01-01,R03,SR015,1345554.29
2024-01-01,R03,SR019,1418881.93
2024-01-01,R03,SR023,1566665.04
2024-01-01,R03,SR027,1325220.99
2024-01-01,R03,SR031,1503957.84
2024-01-01,R03,SR035,1170604.86
2024-01-01,R03,SR039,1273002.1
2024-01-01,R04,SR004,1311193.5
2024-01-01,R04,SR008,1487261.67
2024-01-01,R04,SR012,1494043.2
2024-01-01,R04,SR016,1507610.83
2024-01-01,R04,SR020,1394620.03
2024-01-01,R04,SR024,1599317.08
2024-01-01,R04,SR028,1595558.65
2024-01-01,R04,SR032,1590519.44
2024-01-01,R04,SR036,1064298.79
2024-01-01,R04,SR040,1315931.45
2024-02-01,R01,SR001,1614335.41
2024-02-01,R01,SR005,1445674.44
2024-02-01,R01,SR009,1534580.95
2024-02-01,R01,SR013,926290.99
2024-02-01,R01,SR017,1194567.03
2024-02-01,R01,SR021,1057024.17
2024-02-01,R01,SR025,1561040.65
2024-02-01,R01,SR029,1228885.12
2024-02-01,R01,SR033,1375333.89
2024-02-01,R01,SR037,1026645.07
2024-02-01,R02,SR002,1152735.81
2024-02-01,R02,SR006,1585410.02
2024-02-01,R02,SR010,1595378.61
2024-02-01,R02,SR014,1179152.03
2024-02-01,R02,SR018,909104.88
2024-02-01,R02,SR022,1396540.2
2024-02-01,R02,SR026,1059882.65
2024-02-01,R02,SR030,1255475.7
2024-02-01,R02,SR034,1114331.93
2024-02-01,R02,SR038,1053453.37
2024-02-01,R03,SR003,1187774.86
2024-02-01,R03,SR007,1282376.38
2024-02-01,R03,SR011,1044397.08
2024-02-01,R03,SR015,1542200.04
2024-02-01,R03,SR019,1367186.93
2024-02-01,R03,SR023,1078693.86
2024-02-01,R03,SR027,1550593.78
2024-02-01,R03,SR031,1453337.66
2024-02-01,R03,SR035,1271180.26
2024-02-01,R03,SR039,1360151.85
2024-02-01,R04,SR004,1084896.47
2024-02-01,R04,SR008,931907.36
2024-02-01,R04,SR012,1399439.56
2024-02-01,R04,SR016,1026244.2
2024-02-01,R04,SR020,1035412.92
2024-02-01,R04,SR024,1458335.32
2024-02-01,R04,SR028,1230662.65
2024-02-01,R04,SR032,1018059.68
2024-02-01,R04,SR036,1079812.93
2024-02-01,R04,SR040,930279.9
2024-03-01,R01,SR001,1547675.26
2024-03-01,R01,SR005,979346.78
2024-03-01,R01,SR009,991860.04
2024-03-01,R01,SR013,957028.79
2024-03-01,R01,SR017,1016111.03
2024-03-01,R01,SR021,1142146.06
2024-03-01,R01,SR025,1455643.77
2024-03-01,R01,SR029,930694.43
2024-03-01,R01,SR033,1487198.48
2024-03-01,R01,SR037,1070648.73
2024-03-01,R02,SR002,1539363.84
2024-03-01,R02,SR006,1405869.65
2024-03-01,R02,SR010,1430367.37
2024-03-01,R02,SR014,1585443.2
2024-03-01,R02,SR018,1036654.62
2024-03-01,R02,SR022,1021499.63
2024-03-01,R02,SR026,1252346.85
2024-03-01,R02,SR030,1037222.2
2024-03-01,R02,SR034,1163034.15
2024-03-01,R02,SR038,1180616.93
2024-03-01,R03,SR003,1181248.62
2024-03-01,R03,SR007,1082910.13
2024-03-01,R03,SR011,1303866.05
2024-03-01,R03,SR015,1502034.92
2024-03-01,R03,SR019,1588656.48
2024-03-01,R03,SR023,1241867.67
2024-03-01,R03,SR027,939005.87
2024-03-01,R03,SR031,1506948.38
2024-03-01,R03,SR035,1541440.09
2024-03-01,R03,SR039,1238633.44
2024-03-01,R04,SR004,1017535.0
2024-03-01,R04,SR008,927699.13
2024-03-01,R04,SR012,1485738.91
2024-03-01,R04,SR016,1514983.31
2024-03-01,R04,SR020,1484258.05
2024-03-01,R04,SR024,1091580.48
2024-03-01,R04,SR028,1333834.37
2024-03-01,R04,SR032,1462089.51
2024-03-01,R04,SR036,1382282.64
2024-03-01,R04,SR040,1329390.38
2024-04-01,R01,SR001,1471818.62
2024-04-01,R01,SR005,1590439.47
2024-04-01,R01,SR009,1119011.75
2024-04-01,R01,SR013,1635394.82
2024-04-01,R01,SR017,1018857.65
2024-04-01,R01,SR021,1204577.81
2024-04-01,R01,SR025,1047462.79
2024-04-01,R01,SR029,1151889.7
2024-04-01,R01,SR033,1302304.11
2024-04-01,R01,SR037,1549476.67
2024-04-01,R02,SR002,1533404.62
2024-04-01,R02,SR006,1069463.62
2024-04-01,R02,SR010,1474290.09
2024-04-01,R02,SR014,1213738.01
2024-04-01,R02,SR018,1418568.21
2024-04-01,R02,SR022,1102119.36
2024-04-01,R02,SR026,1214661.34
2024-04-01,R02,SR030,1556045.98
2024-04-01,R02,SR034,935244.83
2024-04-01,R02,SR038,1606845.55
2024-04-01,R03,SR003,1330697.02
2024-04-01,R03,SR007,1385913.4
2024-04-01,R03,SR011,1073676.53
2024-04-01,R03,SR015,1204733.18
2024-04-01,R03,SR019,1312624.1
2024-04-01,R03,SR023,976542.71
2024-04-01,R03,SR027,1596268.9
2024-04-01,R03,SR031,1296123.73
2024-04-01,R03,SR035,1527112.52
2024-04-01,R03,SR039,1534780.7
2024-04-01,R04,SR004,1321234.15
2024-04-01,R04,SR008,1505831.61
2024-04-01,R04,SR012,982229.28
2024-04-01,R04,SR016,1040975.37
2024-04-01,R04,SR020,1151622.0
2024-04-01,R04,SR024,1389127.38
2024-04-01,R04,SR028,1546970.14
2024-04-01,R04,SR032,1520758.29
2024-04-01,R04,SR036,937761.23
2024-04-01,R04,SR040,1211108.69
2024-05-01,R01,SR001,1646113.37
2024-05-01,R01,SR005,1540018.37
2024-05-01,R01,SR009,1644149.15
2024-05-01,R01,SR013,1438609.23
2024-05-01,R01,SR017,1663201.93
2024-05-01,R01,SR021,1272062.49
2024-05-01,R01,SR025,1281387.89
2024-05-01,R01,SR029,1589158.25
2024-05-01,R01,SR033,1375471.94
2024-05-01,R01,SR037,1655185.95
2024-05-01,R02,SR002,1182246.01
2024-05-01,R02,SR006,1057634.46
2024-05-01,R02,SR010,1502200.3
2024-05-01,R02,SR014,1455218.36
2024-05-01,R02,SR018,1004686.91
2024-05-01,R02,SR022,1007235.27
2024-05-01,R02,SR026,1217536.55
2024-05-01,R02,SR030,1360725.55
2024-05-01,R02,SR034,982604.97
2024-05-01,R02,SR038,1482225.46
2024-05-01,R03,SR003,1636197.93
2024-05-01,R03,SR007,1426984.85
2024-05-01,R03,SR011,1073078.07
2024-05-01,R03,SR015,1510466.12
2024-05-01,R03,SR019,1358673.66
2024-05-01,R03,SR023,1046508.21
2024-05-01,R03,SR027,1210547.32
2024-05-01,R03,SR031,1027287.55
2024-05-01,R03,SR035,1505756.27
2024-05-01,R03,SR039,1404240.29
2024-05-01,R04,SR004,1431547.66
2024-05-01,R04,SR008,978536.87
2024-05-01,R04,SR012,997454.72
2024-05-01,R04,SR016,1111196.32
2024-05-01,R04,SR020,1620984.47
2024-05-01,R04,SR024,1451457.95
2024-05-01,R04,SR028,1088472.91
2024-05-01,R04,SR032,1594761.38
2024-05-01,R04,SR036,1355403.74
2024-05-01,R04,SR040,1535357.28
2024-06-01,R01,SR001,1173883.37
2024-06-01,R01,SR005,1451069.8
2024-06-01,R01,SR009,1626184.99
2024-06-01,R01,SR013,976796.7
2024-06-01,R01,SR017,1611273.16
2024-06-01,R01,SR021,1247842.26
2024-06-01,R01,SR025,1066630.28
2024-06-01,R01,SR029,1090569.97
2024-06-01,R01,SR033,1356660.98
2024-06-01,R01,SR037,1250342.71
2024-06-01,R02,SR002,1269198.34
2024-06-01,R02,SR006,1569184.49
2024-06-01,R02,SR010,1220190.35
2024-06-01,R02,SR014,1570566.45
2024-06-01,R02,SR018,1267671.7
2024-06-01,R02,SR022,1600484.19
2024-06-01,R02,SR026,1673542.77
2024-06-01,R02,SR030,1392561.57
2024-06-01,R02,SR034,1636523.48
2024-06-01,R02,SR038,1605706.25
2024-06-01,R03,SR003,1271564.71
2024-06-01,R03,SR007,1317099.64
2024-06-01,R03,SR011,1209775.81
2024-06-01,R03,SR015,1675785.38
2024-06-01,R03,SR019,1101743.25
2024-06-01,R03,SR023,1168382.46
2024-06-01,R03,SR027,1382438.2
2024-06-01,R03,SR031,1445023.85
2024-06-01,R03,SR035,960218.84
2024-06-01,R03,SR039,1484904.78
2024-06-01,R04,SR004,1027114.18
2024-06-01,R04,SR008,1568304.32
2024-06-01,R04,SR012,967317.65
2024-06-01,R04,SR016,1426462.54
2024-06-01,R04,SR020,1312586.6
2024-06-01,R04,SR024,1579767.44
2024-06-01,R04,SR028,972839.64
2024-06-01,R04,SR032,1428557.1
2024-06-01,R04,SR036,1071105.47
2024-06-01,R04,SR040,1143034.38
2024-07-01,R01,SR001,1571672.0
2024-07-01,R01,SR005,1571767.25
2024-07-01,R01,SR009,1433006.7
2024-07-01,R01,SR013,1415543.48
2024-07-01,R01,SR017,1474937.36
2024-07-01,R01,SR021,1545832.25
2024-07-01,R01,SR025,1656185.76
2024-07-01,R01,SR029,1125451.57
2024-07-01,R01,SR033,1137931.66
2024-07-01,R01,SR037,1033089.02
2024-07-01,R02,SR002,1685581.52
2024-07-01,R02,SR006,990931.52
2024-07-01,R02,SR010,1493188.6
2024-07-01,R02,SR014,1551465.68
2024-07-01,R02,SR018,1395950.76
2024-07-01,R02,SR022,1548662.17
2024-07-01,R02,SR026,1323105.59
2024-07-01,R02,SR030,1094739.76
2024-07-01,R02,SR034,1290538.15
2024-07-01,R02,SR038,1413068.94
2024-07-01,R03,SR003,1184668.86
2024-07-01,R03,SR007,994327.77
2024-07-01,R03,SR011,1098930.88
2024-07-01,R03,SR015,1670171.88
2024-07-01,R03,SR019,1153823.92
2024-07-01,R03,SR023,1413650.39
2024-07-01,R03,SR027,1356322.13
2024-07-01,R03,SR031,1550483.06
2024-07-01,R03,SR035,1124327.0
2024-07-01,R03,SR039,1455694.44
2024-07-01,R04,SR004,1468730.16
2024-07-01,R04,SR008,1264899.67
2024-07-01,R04,SR012,1375928.38
2024-07-01,R04,SR016,1593661.04
2024-07-01,R04,SR020,1246134.7
2024-07-01,R04,SR024,1484651.41
2024-07-01,R04,SR028,1177835.97
2024-07-01,R04,SR032,1282090.9
2024-07-01,R04,SR036,1063697.37
2024-07-01,R04,SR040,1449936.45
2024-08-01,R01,SR001,1506990.37
2024-08-01,R01,SR005,1243907.5
2024-08-01,R01,SR009,1169541.16
2024-08-01,R01,SR013,980334.56
2024-08-01,R01,SR017,1514295.39
2024-08-01,R01,SR021,1452253.31
2024-08-01,R01,SR025,1017593.51
2024-08-01,R01,SR029,1016560.01
2024-08-01,R01,SR033,1041480.92
2024-08-01,R01,SR037,1656884.92
2024-08-01,R02,SR002,1469623.92
2024-08-01,R02,SR006,1041423.1
2024-08-01,R02,SR010,1520499.03
2024-08-01,R02,SR014,1159946.68
2024-08-01,R02,SR018,1556471.33
2024-08-01,R02,SR022,1387699.15
2024-08-01,R02,SR026,1048828.87
2024-08-01,R02,SR030,1201592.69
2024-08-01,R02,SR034,1247511.76
2024-08-01,R02,SR038,1069457.32
2024-08-01,R03,SR003,1631331.9
2024-08-01,R03,SR007,1420089.59
2024-08-01,R03,SR011,1176780.85
2024-08-01,R03,SR015,1363941.87
2024-08-01,R03,SR019,1614901.21
2024-08-01,R03,SR023,1084119.65
2024-08-01,R03,SR027,1560053.53
2024-08-01,R03,SR031,1700765.54
2024-08-01,R03,SR035,1347236.34
2024-08-01,R03,SR039,1517558.47
2024-08-01,R04,SR004,1359347.04
2024-08-01,R04,SR008,1091319.84
2024-08-01,R04,SR012,1271847.39
2024-08-01,R04,SR016,1480044.45
2024-08-01,R04,SR020,1540787.96
2024-08-01,R04,SR024,1565013.51
2024-08-01,R04,SR028,1591081.62
2024-08-01,R04,SR032,1629976.48
2024-08-01,R04,SR036,1706668.5
2024-08-01,R04,SR040,1359587.05
2024-09-01,R01,SR001,1357573.68
2024-09-01,R01,SR005,1288181.48
2024-09-01,R01,SR009,1405542.69
2024-09-01,R01,SR013,1162692.24
2024-09-01,R01,SR017,1599080.9
2024-09-01,R01,SR021,1281084.38
2024-09-01,R01,SR025,1577966.28
2024-09-01,R01,SR029,1157772.92
2024-09-01,R01,SR033,1172119.95
2024-09-01,R01,SR037,1291025.34
2024-09-01,R02,SR002,1553680.87
2024-09-01,R02,SR006,1081823.51
2024-09-01,R02,SR010,1026338.47
2024-09-01,R02,SR014,1276913.05
2024-09-01,R02,SR018,1459279.81
2024-09-01,R02,SR022,1438978.21
2024-09-01,R02,SR026,1590806.31
2024-09-01,R02,SR030,1175390.32
2024-09-01,R02,SR034,972177.57
2024-09-01,R02,SR038,1204889.65
2024-09-01,R03,SR003,1315724.83
2024-09-01,R03,SR007,1518344.54
2024-09-01,R03,SR011,1041092.28
2024-09-01,R03,SR015,1357999.36
2024-09-01,R03,SR019,1206218.33
2024-09-01,R03,SR023,1595133.67
2024-09-01,R03,SR027,1013269.08
2024-09-01,R03,SR031,1623176.49
2024-09-01,R03,SR035,1538931.6
2024-09-01,R03,SR039,1333180.77
2024-09-01,R04,SR004,1192632.81
2024-09-01,R04,SR008,1113250.08
2024-09-01,R04,SR012,1009029.34
2024-09-01,R04,SR016,1086707.95
2024-09-01,R04,SR020,1612623.4
2024-09-01,R04,SR024,1704794.57
2024-09-01,R04,SR028,1103862.16
2024-09-01,R04,SR032,1484174.6
2024-09-01,R04,SR036,1428252.51
2024-09-01,R04,SR040,1576418.64
2024-10-01,R01,SR001,1095465.09
2024-10-01,R01,SR005,1739370.28
2024-10-01,R01,SR009,1730720.33
2024-10-01,R01,SR013,1426651.05
2024-10-01,R01,SR017,1501161.28
2024-10-01,R01,SR021,1387514.23
2024-10-01,R01,SR025,1429429.86
2024-10-01,R01,SR029,1588647.63
2024-10-01,R01,SR033,1091787.07
2024-10-01,R01,SR037,1253041.53
2024-10-01,R02,SR002,1006021.91
2024-10-01,R02,SR006,1708377.51
2024-10-01,R02,SR010,1626565.42
2024-10-01,R02,SR014,1598260.34
2024-10-01,R02,SR018,1166407.62
2024-10-01,R02,SR022,1230314.5
2024-10-01,R02,SR026,1738832.82
2024-10-01,R02,SR030,1137860.47
2024-10-01,R02,SR034,1588424.73
2024-10-01,R02,SR038,1283338.14
2024-10-01,R03,SR003,1368606.23
2024-10-01,R03,SR007,1081836.07
2024-10-01,R03,SR011,1668513.91
2024-10-01,R03,SR015,1598938.36
2024-10-01,R03,SR019,1054940.37
2024-10-01,R03,SR023,1683653.19
2024-10-01,R03,SR027,1236013.68
2024-10-01,R03,SR031,1306591.81
2024-10-01,R03,SR035,1682465.47
2024-10-01,R03,SR039,1593775.19
2024-10-01,R04,SR004,1099848.62
2024-10-01,R04,SR008,1343128.08
2024-10-01,R04,SR012,1297288.52
2024-10-01,R04,SR016,1472987.0
2024-10-01,R04,SR020,1375231.1
2024-10-01,R04,SR024,1500197.84
2024-10-01,R04,SR028,1479117.97
2024-10-01,R04,SR032,1299325.55
2024-10-01,R04,SR036,1153180.4
2024-10-01,R04,SR040,1373290.59
2024-11-01,R01,SR001,1368616.8
2024-11-01,R01,SR005,1353009.35
2024-11-01,R01,SR009,1294357.86
2024-11-01,R01,SR013,1598047.65
2024-11-01,R01,SR017,1708058.19
2024-11-01,R01,SR021,1109408.64
2024-11-01,R01,SR025,1135147.18
2024-11-01,R01,SR029,1689135.15
2024-11-01,R01,SR033,1162208.54
2024-11-01,R01,SR037,1136627.37
2024-11-01,R02,SR002,1356967.44
2024-11-01,R02,SR006,1498846.95
2024-11-01,R02,SR010,1732235.58
2024-11-01,R02,SR014,1653012.01
2024-11-01,R02,SR018,1453423.06
2024-11-01,R02,SR022,1237758.41
2024-11-01,R02,SR026,1167187.47
2024-11-01,R02,SR030,1022788.97
2024-11-01,R02,SR034,1338743.34
2024-11-01,R02,SR038,1696621.69
2024-11-01,R03,SR003,1484115.43
2024-11-01,R03,SR007,1668800.06
2024-11-01,R03,SR011,1118317.69
2024-11-01,R03,SR015,1370979.49
2024-11-01,R03,SR019,1643843.43
2024-11-01,R03,SR023,1340795.89
2024-11-01,R03,SR027,1246375.63
2024-11-01,R03,SR031,1372712.25
2024-11-01,R03,SR035,1561712.22
2024-11-01,R03,SR039,1560408.68
2024-11-01,R04,SR004,1674308.32
2024-11-01,R04,SR008,1106064.68
2024-11-01,R04,SR012,1375716.53
2024-11-01,R04,SR016,1254823.65
2024-11-01,R04,SR020,1219638.52
2024-11-01,R04,SR024,1313623.74
2024-11-01,R04,SR028,1642776.66
2024-11-01,R04,SR032,1146857.99
2024-11-01,R04,SR036,1666713.8
2024-11-01,R04,SR040,1215412.22
2024-12-01,R01,SR001,1314946.25
2024-12-01,R01,SR005,1127004.18
2024-12-01,R01,SR009,1230246.06
2024-12-01,R01,SR013,1105178.03
2024-12-01,R01,SR017,1179796.2
2024-12-01,R01,SR021,1195705.73
2024-12-01,R01,SR025,1189555.49
2024-12-01,R01,SR029,1654860.39
2024-12-01,R01,SR033,1416935.48
2024-12-01,R01,SR037,1144527.0
2024-12-01,R02,SR002,1769373.21
2024-12-01,R02,SR006,1587573.48
2024-12-01,R02,SR010,1622244.7
2024-12-01,R02,SR014,1737734.71
2024-12-01,R02,SR018,1467010.06
2024-12-01,R02,SR022,1730001.86
2024-12-01,R02,SR026,1198383.13
2024-12-01,R02,SR030,1598361.68
2024-12-01,R02,SR034,1441692.5
2024-12-01,R02,SR038,1514030.75
2024-12-01,R03,SR003,1637775.57
2024-12-01,R03,SR007,1325971.98
2024-12-01,R03,SR011,1033605.67
2024-12-01,R03,SR015,1326492.96
2024-12-01,R03,SR019,1743395.75
2024-12-01,R03,SR023,1492271.87
2024-12-01,R03,SR027,1772429.65
2024-12-01,R03,SR031,1244013.97
2024-12-01,R03,SR035,1727328.45
2024-12-01,R03,SR039,1455195.56
2024-12-01,R04,SR004,1240634.17
2024-12-01,R04,SR008,1483487.63
2024-12-01,R04,SR012,1614232.76
2024-12-01,R04,SR016,1321892.08
2024-12-01,R04,SR020,1722951.49
2024-12-01,R04,SR024,1430725.8
2024-12-01,R04,SR028,1364177.18
2024-12-01,R04,SR032,1636580.87
2024-12-01,R04,SR036,1109637.55
2024-12-01,R04,SR040,1096393.3
2025-01-01,R01,SR001,1683792.63
2025-01-01,R01,SR005,1510039.88
2025-01-01,R01,SR009,1406499.54
2025-01-01,R01,SR013,1734662.26
2025-01-01,R01,SR017,1311861.46
2025-01-01,R01,SR021,1325717.83
2025-01-01,R01,SR025,1508863.82
2025-01-01,R01,SR029,1298017.42
2025-01-01,R01,SR033,1467002.1
2025-01-01,R01,SR037,1260336.48
2025-01-01,R02,SR002,1462062.86
2025-01-01,R02,SR006,1377951.78
2025-01-01,R02,SR010,1628343.43
2025-01-01,R02,SR014,1490706.78
2025-01-01,R02,SR018,1276216.42
2025-01-01,R02,SR022,1558859.3
2025-01-01,R02,SR026,1415216.09
2025-01-01,R02,SR030,1642287.28
2025-01-01,R02,SR034,1673387.55
2025-01-01,R02,SR038,1667065.92
2025-01-01,R03,SR003,1128567.4
2025-01-01,R03,SR007,1213597.65
2025-01-01,R03,SR011,1045367.01
2025-01-01,R03,SR015,1415452.93
2025-01-01,R03,SR019,1439935.27
2025-01-01,R03,SR023,1364570.51
2025-01-01,R03,SR027,1467996.35
2025-01-01,R03,SR031,1692114.01
2025-01-01,R03,SR035,1571298.41
2025-01-01,R03,SR039,1510401.27
2025-01-01,R04,SR004,1108800.93
2025-01-01,R04,SR008,1431753.41
2025-01-01,R04,SR012,1254479.17
2025-01-01,R04,SR016,1567645.68
2025-01-01,R04,SR020,1255162.77
2025-01-01,R04,SR024,1128769.4
2025-01-01,R04,SR028,1588325.5
2025-01-01,R04,SR032,1396406.54
2025-01-01,R04,SR036,1669983.36
2025-01-01,R04,SR040,1699520.94
2025-02-01,R01,SR001,1581345.11
2025-02-01,R01,SR005,1627561.55
2025-02-01,R01,SR009,1293259.2
2025-02-01,R01,SR013,1393895.39
2025-02-01,R01,SR017,1153794.53
2025-02-01,R01,SR021,1408617.67
2025-02-01,R01,SR025,1463889.89
2025-02-01,R01,SR029,1056553.94
2025-02-01,R01,SR033,1638018.21
2025-02-01,R01,SR037,1291940.91
2025-02-01,R02,SR002,1426406.39
2025-02-01,R02,SR006,1297820.46
2025-02-01,R02,SR010,1765639.81
2025-02-01,R02,SR014,1511391.15
2025-02-01,R02,SR018,1803618.52
2025-02-01,R02,SR022,1050740.24
2025-02-01,R02,SR026,1688408.93
2025-02-01,R02,SR030,1541587.83
2025-02-01,R02,SR034,1635780.35
2025-02-01,R02,SR038,1747320.3
2025-02-01,R03,SR003,1746067.74
2025-02-01,R03,SR007,1723345.33
2025-02-01,R03,SR011,1791005.04
2025-02-01,R03,SR015,1666951.04
2025-02-01,R03,SR019,1051138.85
2025-02-01,R03,SR023,1311562.2
2025-02-01,R03,SR027,1751324.1
2025-02-01,R03,SR031,1141551.9
2025-02-01,R03,SR035,1539921.52
2025-02-01,R03,SR039,1426901.31
2025-02-01,R04,SR004,1723449.48
2025-02-01,R04,SR008,1515241.32
2025-02-01,R04,SR012,1358194.02
2025-02-01,R04,SR016,1463420.07
2025-02-01,R04,SR020,1150563.97
2025-02-01,R04,SR024,1024153.96
2025-02-01,R04,SR028,1527393.01
2025-02-01,R04,SR032,1536565.46
2025-02-01,R04,SR036,1022550.33
2025-02-01,R04,SR040,1172115.95
2025-03-01,R01,SR001,1736401.62
2025-03-01,R01,SR005,1202635.38
2025-03-01,R01,SR009,1300797.15
2025-03-01,R01,SR013,1145009.73
2025-03-01,R01,SR017,1446627.36
2025-03-01,R01,SR021,1506176.69
2025-03-01,R01,SR025,1297916.65
2025-03-01,R01,SR029,1255119.73
2025-03-01,R01,SR033,1255776.08
2025-03-01,R01,SR037,1814574.06
2025-03-01,R02,SR002,1361763.42
2025-03-01,R02,SR006,1628674.71
2025-03-01,R02,SR010,1394874.41
2025-03-01,R02,SR014,1576641.64
2025-03-01,R02,SR018,1061155.75
2025-03-01,R02,SR022,1291864.92
2025-03-01,R02,SR026,1730109.15
2025-03-01,R02,SR030,1798364.47
2025-03-01,R02,SR034,1664031.65
2025-03-01,R02,SR038,1030972.69
2025-03-01,R03,SR003,1120768.35
2025-03-01,R03,SR007,1719627.45
2025-03-01,R03,SR011,1071197.3
2025-03-01,R03,SR015,1344308.57
2025-03-01,R03,SR019,1294438.0
2025-03-01,R03,SR023,1118186.54
2025-03-01,R03,SR027,1278071.75
2025-03-01,R03,SR031,1166528.03
2025-03-01,R03,SR035,1620921.11
2025-03-01,R03,SR039,1521142.62
2025-03-01,R04,SR004,1429946.94
2025-03-01,R04,SR008,1707107.07
2025-03-01,R04,SR012,1451928.85
2025-03-01,R04,SR016,1780067.37
2025-03-01,R04,SR020,1680861.42
2025-03-01,R04,SR024,1652078.87
2025-03-01,R04,SR028,1204720.16
2025-03-01,R04,SR032,1361907.56
2025-03-01,R04,SR036,1270639.95
2025-03-01,R04,SR040,1669179.78
2025-04-01,R01,SR001,1415504.92
2025-04-01,R01,SR005,1735535.29
2025-04-01,R01,SR009,1792507.29
2025-04-01,R01,SR013,1286327.09
2025-04-01,R01,SR017,1835646.19
2025-04-01,R01,SR021,1748625.79
2025-04-01,R01,SR025,1738596.27
2025-04-01,R01,SR029,1641927.75
2025-04-01,R01,SR033,1676428.31
2025-04-01,R01,SR037,1455208.43
2025-04-01,R02,SR002,1531779.19
2025-04-01,R02,SR006,1218615.87
2025-04-01,R02,SR010,1129134.85
2025-04-01,R02,SR014,1795570.99
2025-04-01,R02,SR018,1299264.32
2025-04-01,R02,SR022,1278135.27
2025-04-01,R02,SR026,1613789.89
2025-04-01,R02,SR030,1425953.35
2025-04-01,R02,SR034,1069643.81
2025-04-01,R02,SR038,1381851.5
2025-04-01,R03,SR003,1433149.02
2025-04-01,R03,SR007,1035473.72
2025-04-01,R03,SR011,1690021.96
2025-04-01,R03,SR015,1442386.13
2025-04-01,R03,SR019,1578284.16
2025-04-01,R03,SR023,1066405.31
2025-04-01,R03,SR027,1647583.38
2025-04-01,R03,SR031,1271205.52
2025-04-01,R03,SR035,1464454.97
2025-04-01,R03,SR039,1604328.26
2025-04-01,R04,SR004,1292421.76
2025-04-01,R04,SR008,1433741.05
2025-04-01,R04,SR012,1355205.97
2025-04-01,R04,SR016,1118525.51
2025-04-01,R04,SR020,1243298.44
2025-04-01,R04,SR024,1668711.75
2025-04-01,R04,SR028,1168763.29
2025-04-01,R04,SR032,1049044.24
2025-04-01,R04,SR036,1155823.75
2025-04-01,R04,SR040,1086024.91
2025-05-01,R01,SR001,1463820.71
2025-05-01,R01,SR005,1538601.57
2025-05-01,R01,SR009,1660149.98
2025-05-01,R01,SR013,1716537.41
2025-05-01,R01,SR017,1815381.87
2025-05-01,R01,SR021,1783956.38
2025-05-01,R01,SR025,1196654.9
2025-05-01,R01,SR029,1286802.99
2025-05-01,R01,SR033,1705358.22
2025-05-01,R01,SR037,1089687.64
2025-05-01,R02,SR002,1088967.24
2025-05-01,R02,SR006,1352072.96
2025-05-01,R02,SR010,1340061.87
2025-05-01,R02,SR014,1623980.05
2025-05-01,R02,SR018,1810518.89
2025-05-01,R02,SR022,1282546.86
2025-05-01,R02,SR026,1348410.36
2025-05-01,R02,SR030,1763760.65
2025-05-01,R02,SR034,1345870.23
2025-05-01,R02,SR038,1642642.62
2025-05-01,R03,SR003,1755517.32
2025-05-01,R03,SR007,1407334.83
2025-05-01,R03,SR011,1193824.08
2025-05-01,R03,SR015,1795789.81
2025-05-01,R03,SR019,1554033.13
2025-05-01,R03,SR023,1324283.91
2025-05-01,R03,SR027,1140128.53
2025-05-01,R03,SR031,1559673.9
2025-05-01,R03,SR035,1581377.13
2025-05-01,R03,SR039,1064755.85
2025-05-01,R04,SR004,1492392.41
2025-05-01,R04,SR008,1849459.21
2025-05-01,R04,SR012,1547696.25
2025-05-01,R04,SR016,1604913.06
2025-05-01,R04,SR020,1590808.68
2025-05-01,R04,SR024,1596577.24
2025-05-01,R04,SR028,1814638.67
2025-05-01,R04,SR032,1126777.34
2025-05-01,R04,SR036,1518919.7
2025-05-01,R04,SR040,1207492.56
2025-06-01,R01,SR001,1090167.19
2025-06-01,R01,SR005,1584138.36
2025-06-01,R01,SR009,1376335.85
2025-06-01,R01,SR013,1377707.04
2025-06-01,R01,SR017,1714219.62
2025-06-01,R01,SR021,1219804.58
2025-06-01,R01,SR025,1466757.23
2025-06-01,R01,SR029,1164802.14
2025-06-01,R01,SR033,1869474.39
2025-06-01,R01,SR037,1213267.41
2025-06-01,R02,SR002,1419831.71
2025-06-01,R02,SR006,1602917.86
2025-06-01,R02,SR010,1860452.56
2025-06-01,R02,SR014,1190902.61
2025-06-01,R02,SR018,1750967.0
2025-06-01,R02,SR022,1276112.52
2025-06-01,R02,SR026,1569826.12
2025-06-01,R02,SR030,1157324.42
2025-06-01,R02,SR034,1348744.52
2025-06-01,R02,SR038,1151299.2
2025-06-01,R03,SR003,1285833.34
2025-06-01,R03,SR007,1674975.68
2025-06-01,R03,SR011,1123099.9
2025-06-01,R03,SR015,1697447.86
2025-06-01,R03,SR019,1832142.03
2025-06-01,R03,SR023,1323122.95
2025-06-01,R03,SR027,1800782.15
2025-06-01,R03,SR031,1403311.06
2025-06-01,R03,SR035,1785729.82
2025-06-01,R03,SR039,1072145.7
2025-06-01,R04,SR004,1250131.95
2025-06-01,R04,SR008,1662717.01
2025-06-01,R04,SR012,1499500.49
2025-06-01,R04,SR016,1233931.15
2025-06-01,R04,SR020,1407328.72
2025-06-01,R04,SR024,1476310.35
2025-06-01,R04,SR028,1078589.56
2025-06-01,R04,SR032,1633837.12
2025-06-01,R04,SR036,1774211.97
2025-06-01,R04,SR040,1336681.06
2025-07-01,R01,SR001,1825904.89
2025-07-01,R01,SR005,1852241.65
2025-07-01,R01,SR009,1341969.07
2025-07-01,R01,SR013,1350642.5
2025-07-01,R01,SR017,1682347.93
2025-07-01,R01,SR021,1771299.55
2025-07-01,R01,SR025,1212268.71
2025-07-01,R01,SR029,1219784.13
2025-07-01,R01,SR033,1364572.56
2025-07-01,R01,SR037,1470779.35
2025-07-01,R02,SR002,1847974.39
2025-07-01,R02,SR006,1320138.26
2025-07-01,R02,SR010,1510699.29
2025-07-01,R02,SR014,1714184.78
2025-07-01,R02,SR018,1766579.7
2025-07-01,R02,SR022,1544425.32
2025-07-01,R02,SR026,1456339.21
2025-07-01,R02,SR030,1206634.66
2025-07-01,R02,SR034,1823909.24
2025-07-01,R02,SR038,1396581.04
2025-07-01,R03,SR003,1604642.58
2025-07-01,R03,SR007,1496222.14
2025-07-01,R03,SR011,1142248.14
2025-07-01,R03,SR015,1348308.66
2025-07-01,R03,SR019,1152373.31
2025-07-01,R03,SR023,1461898.41
2025-07-01,R03,SR027,1085089.44
2025-07-01,R03,SR031,1774605.17
2025-07-01,R03,SR035,1812545.03
2025-07-01,R03,SR039,1529720.49
2025-07-01,R04,SR004,1495678.61
2025-07-01,R04,SR008,1629214.75
2025-07-01,R04,SR012,1124349.07
2025-07-01,R04,SR016,1670052.48
2025-07-01,R04,SR020,1693873.16
2025-07-01,R04,SR024,1790662.7
2025-07-01,R04,SR028,1077368.37
2025-07-01,R04,SR032,1299676.6
2025-07-01,R04,SR036,1414594.19
2025-07-01,R04,SR040,1409079.56
2025-08-01,R01,SR001,1257498.22
2025-08-01,R01,SR005,1378643.96
2025-08-01,R01,SR009,1675720.33
2025-08-01,R01,SR013,1292067.51
2025-08-01,R01,SR017,1875025.66
2025-08-01,R01,SR021,1160551.39
2025-08-01,R01,SR025,1243561.24
2025-08-01,R01,SR029,1171411.4
2025-08-01,R01,SR033,1137252.47
2025-08-01,R01,SR037,1893783.92
2025-08-01,R02,SR002,1532441.26
2025-08-01,R02,SR006,1161682.47
2025-08-01,R02,SR010,1396178.73
2025-08-01,R02,SR014,1812895.93
2025-08-01,R02,SR018,1813933.61
2025-08-01,R02,SR022,1420434.54
2025-08-01,R02,SR026,1509016.29
2025-08-01,R02,SR030,1663163.25
2025-08-01,R02,SR034,1879760.18
2025-08-01,R02,SR038,1177324.27
2025-08-01,R03,SR003,1437381.82
2025-08-01,R03,SR007,1695728.0
2025-08-01,R03,SR011,1727758.15
2025-08-01,R03,SR015,1454518.74
2025-08-01,R03,SR019,1778141.46
2025-08-01,R03,SR023,1382912.01
2025-08-01,R03,SR027,1326432.08
2025-08-01,R03,SR031,1325764.84
2025-08-01,R03,SR035,1839967.35
2025-08-01,R03,SR039,1231273.27
2025-08-01,R04,SR004,1391067.77
2025-08-01,R04,SR008,1096659.53
2025-08-01,R04,SR012,1819647.47
2025-08-01,R04,SR016,1147949.14
2025-08-01,R04,SR020,1886768.2
2025-08-01,R04,SR024,1612463.36
2025-08-01,R04,SR028,1378394.22
2025-08-01,R04,SR032,1461782.26
2025-08-01,R04,SR036,1561856.3
2025-08-01,R04,SR040,1524711.13
2025-09-01,R01,SR001,1879129.43
2025-09-01,R01,SR005,1215950.71
2025-09-01,R01,SR009,1778323.67
2025-09-01,R01,SR013,1169397.82
2025-09-01,R01,SR017,1642504.6
2025-09-01,R01,SR021,1694953.78
2025-09-01,R01,SR025,1211875.08
2025-09-01,R01,SR029,1123591.86
2025-09-01,R01,SR033,1512402.36
2025-09-01,R01,SR037,1554674.59
2025-09-01,R02,SR002,1780939.98
2025-09-01,R02,SR006,1763568.82
2025-09-01,R02,SR010,1771772.74
2025-09-01,R02,SR014,1743228.48
2025-09-01,R02,SR018,1653245.79
2025-09-01,R02,SR022,1371258.42
2025-09-01,R02,SR026,1589200.85
2025-09-01,R02,SR030,1822819.46
2025-09-01,R02,SR034,1202905.77
2025-09-01,R02,SR038,1100957.2
2025-09-01,R03,SR003,1835363.27
2025-09-01,R03,SR007,1290355.94
2025-09-01,R03,SR011,1265568.67
2025-09-01,R03,SR015,1155956.12
2025-09-01,R03,SR019,1332068.08
2025-09-01,R03,SR023,1590678.45
2025-09-01,R03,SR027,1240000.24
2025-09-01,R03,SR031,1555765.41
2025-09-01,R03,SR035,1808591.85
2025-09-01,R03,SR039,1903849.0
2025-09-01,R04,SR004,1257316.66
2025-09-01,R04,SR008,1913461.3
2025-09-01,R04,SR012,1418809.97
2025-09-01,R04,SR016,1844260.51
2025-09-01,R04,SR020,1665770.36
2025-09-01,R04,SR024,1787507.55
2025-09-01,R04,SR028,1847981.12
2025-09-01,R04,SR032,1209798.61
2025-09-01,R04,SR036,1119563.05
2025-09-01,R04,SR040,1896423.65
2025-10-01,R01,SR001,1761285.25
2025-10-01,R01,SR005,1454862.04
2025-10-01,R01,SR009,1259963.87
2025-10-01,R01,SR013,1315783.43
2025-10-01,R01,SR017,1465771.44
2025-10-01,R01,SR021,1684114.95
2025-10-01,R01,SR025,1754799.65
2025-10-01,R01,SR029,1888661.99
2025-10-01,R01,SR033,1796285.99
2025-10-01,R01,SR037,1397641.86
2025-10-01,R02,SR002,1518702.86
2025-10-01,R02,SR006,1751176.84
2025-10-01,R02,SR010,1764619.29
2025-10-01,R02,SR014,1168981.82
2025-10-01,R02,SR018,1268294.85
2025-10-01,R02,SR022,1091831.46
2025-10-01,R02,SR026,1174521.62
2025-10-01,R02,SR030,1230014.13
2025-10-01,R02,SR034,1291971.67
2025-10-01,R02,SR038,1259713.26
2025-10-01,R03,SR003,1825013.33
2025-10-01,R03,SR007,1190851.01
2025-10-01,R03,SR011,1487148.49
2025-10-01,R03,SR015,1111787.15
2025-10-01,R03,SR019,1626834.5
2025-10-01,R03,SR023,1804323.79
2025-10-01,R03,SR027,1475589.6
2025-10-01,R03,SR031,1334568.28
2025-10-01,R03,SR035,1268038.13
2025-10-01,R03,SR039,1174038.29
2025-10-01,R04,SR004,1551908.68
2025-10-01,R04,SR008,1303297.52
2025-10-01,R04,SR012,1135626.84
2025-10-01,R04,SR016,1760526.15
2025-10-01,R04,SR020,1196178.86
2025-10-01,R04,SR024,1195316.81
2025-10-01,R04,SR028,1361059.92
2025-10-01,R04,SR032,1455012.46
2025-10-01,R04,SR036,1921927.29
2025-10-01,R04,SR040,1749667.36
2025-11-01,R01,SR001,1800431.47
2025-11-01,R01,SR005,1859837.16
2025-11-01,R01,SR009,1494315.18
2025-11-01,R01,SR013,1224870.65
2025-11-01,R01,SR017,1373173.12
2025-11-01,R01,SR021,1185486.15
2025-11-01,R01,SR025,1170193.61
2025-11-01,R01,SR029,1281077.9
2025-11-01,R01,SR033,1389724.08
2025-11-01,R01,SR037,1603507.19
2025-11-01,R02,SR002,1101580.81
2025-11-01,R02,SR006,1302541.81
2025-11-01,R02,SR010,1630547.89
2025-11-01,R02,SR014,1197248.61
2025-11-01,R02,SR018,1749606.52
2025-11-01,R02,SR022,1155753.76
2025-11-01,R02,SR026,1548761.72
2025-11-01,R02,SR030,1289459.17
2025-11-01,R02,SR034,1651508.39
2025-11-01,R02,SR038,1491749.64
2025-11-01,R03,SR003,1117368.15
2025-11-01,R03,SR007,1106448.86
2025-11-01,R03,SR011,1371754.12
2025-11-01,R03,SR015,1457895.32
2025-11-01,R03,SR019,1580207.68
2025-11-01,R03,SR023,1567698.44
2025-11-01,R03,SR027,1854504.8
2025-11-01,R03,SR031,1192478.96
2025-11-01,R03,SR035,1223785.95
2025-11-01,R03,SR039,1712527.52
2025-11-01,R04,SR004,1447040.77
2025-11-01,R04,SR008,1755383.59
2025-11-01,R04,SR012,1522770.07
2025-11-01,R04,SR016,1879470.18
2025-11-01,R04,SR020,1590599.63
2025-11-01,R04,SR024,1244673.2
2025-11-01,R04,SR028,1920986.92
2025-11-01,R04,SR032,1775725.6
2025-11-01,R04,SR036,1444997.78
2025-11-01,R04,SR040,1815908.31
2025-12-01,R01,SR001,1906535.43
2025-12-01,R01,SR005,1621924.73
2025-12-01,R01,SR009,1702284.85
2025-12-01,R01,SR013,1761198.89
2025-12-01,R01,SR017,1543841.88
2025-12-01,R01,SR021,1402460.82
2025-12-01,R01,SR025,1731234.57
2025-12-01,R01,SR029,1905067.04
2025-12-01,R01,SR033,1703119.34
2025-12-01,R01,SR037,1910077.13
2025-12-01,R02,SR002,1745847.39
2025-12-01,R02,SR006,1283325.9
2025-12-01,R02,SR010,1882356.26
2025-12-01,R02,SR014,1466724.79
2025-12-01,R02,SR018,1824513.66
2025-12-01,R02,SR022,1152015.19
2025-12-01,R02,SR026,1393939.67
2025-12-01,R02,SR030,1443970.63
2025-12-01,R02,SR034,1373679.27
2025-12-01,R02,SR038,1890222.46
2025-12-01,R03,SR003,1678942.33
2025-12-01,R03,SR007,1899728.07
2025-12-01,R03,SR011,1140702.27
2025-12-01,R03,SR015,1335933.18
2025-12-01,R03,SR019,1400936.01
2025-12-01,R03,SR023,1384627.41
2025-12-01,R03,SR027,1156408.97
2025-12-01,R03,SR031,1321051.59
2025-12-01,R03,SR035,1933479.31
2025-12-01,R03,SR039,1783858.74
2025-12-01,R04,SR004,1186971.4
2025-12-01,R04,SR008,1519782.56
2025-12-01,R04,SR012,1707227.47
2025-12-01,R04,SR016,1616875.33
2025-12-01,R04,SR020,1366079.81
2025-12-01,R04,SR024,1559576.36
2025-12-01,R04,SR028,1519790.02
2025-12-01,R04,SR032,1567533.03
2025-12-01,R04,SR036,1706018.33
2025-12-01,R04,SR040,1834882.7
2026-01-01,R01,SR001,1795773.2
2026-01-01,R01,SR005,1313321.5
2026-01-01,R01,SR009,1399841.05
2026-01-01,R01,SR013,1478236.48
2026-01-01,R01,SR017,1368774.34
2026-01-01,R01,SR021,1391107.69
2026-01-01,R01,SR025,1432739.36
2026-01-01,R01,SR029,1434558.4
2026-01-01,R01,SR033,1357822.35
2026-01-01,R01,SR037,1873733.29
2026-01-01,R02,SR002,1386312.11
2026-01-01,R02,SR006,1791734.98
2026-01-01,R02,SR010,1578653.56
2026-01-01,R02,SR014,1533843.48
2026-01-01,R02,SR018,1636749.45
2026-01-01,R02,SR022,1479575.35
2026-01-01,R02,SR026,1267592.76
2026-01-01,R02,SR030,1544559.88
2026-01-01,R02,SR034,1408603.02
2026-01-01,R02,SR038,1267866.72
2026-01-01,R03,SR003,1303018.5
2026-01-01,R03,SR007,1507398.2
2026-01-01,R03,SR011,1439632.02
2026-01-01,R03,SR015,1596640.12
2026-01-01,R03,SR019,1967698.27
2026-01-01,R03,SR023,1822567.68
2026-01-01,R03,SR027,1719195.25
2026-01-01,R03,SR031,1579939.51
2026-01-01,R03,SR035,1234707.32
2026-01-01,R03,SR039,1950875.73
2026-01-01,R04,SR004,1831677.09
2026-01-01,R04,SR008,1807741.88
2026-01-01,R04,SR012,1877716.9
2026-01-01,R04,SR016,1417464.77
2026-01-01,R04,SR020,1128770.36
2026-01-01,R04,SR024,1155417.69
2026-01-01,R04,SR028,1422067.88
2026-01-01,R04,SR032,1169154.37
2026-01-01,R04,SR036,1500316.14
2026-01-01,R04,SR040,1690059.14
2026-02-01,R01,SR001,1891897.07
2026-02-01,R01,SR005,1845274.02
2026-02-01,R01,SR009,1921078.7
2026-02-01,R01,SR013,1741056.5
2026-02-01,R01,SR017,1779053.29
2026-02-01,R01,SR021,1788182.56
2026-02-01,R01,SR025,1146247.61
2026-02-01,R01,SR029,1578266.15
2026-02-01,R01,SR033,1419944.02
2026-02-01,R01,SR037,1828376.45
2026-02-01,R02,SR002,1265671.96
2026-02-01,R02,SR006,1765661.15
2026-02-01,R02,SR010,1390862.7
2026-02-01,R02,SR014,1403718.68
2026-02-01,R02,SR018,1677392.38
2026-02-01,R02,SR022,1578047.01
2026-02-01,R02,SR026,1694532.21
2026-02-01,R02,SR030,1681082.82
2026-02-01,R02,SR034,1683458.09
2026-02-01,R02,SR038,1174420.54
2026-02-01,R03,SR003,1827797.53
2026-02-01,R03,SR007,1428302.48
2026-02-01,R03,SR011,1150826.32
2026-02-01,R03,SR015,1837189.66
2026-02-01,R03,SR019,1828929.78
2026-02-01,R03,SR023,1270885.86
2026-02-01,R03,SR027,1768248.18
2026-02-01,R03,SR031,1264144.57
2026-02-01,R03,SR035,1414449.87
2026-02-01,R03,SR039,1496122.51
2026-02-01,R04,SR004,1994533.3
2026-02-01,R04,SR008,1905490.39
2026-02-01,R04,SR012,1541175.49
2026-02-01,R04,SR016,1808524.67
2026-02-01,R04,SR020,1878023.72
2026-02-01,R04,SR024,1477997.59
2026-02-01,R04,SR028,1519314.81
2026-02-01,R04,SR032,1132234.27
2026-02-01,R04,SR036,1808460.96
2026-02-01,R04,SR040,1704174.93
2026-03-01,R01,SR001,1652206.58
2026-03-01,R01,SR005,2006093.07
2026-03-01,R01,SR009,1917577.4
2026-03-01,R01,SR013,1232910.14
2026-03-01,R01,SR017,1245054.35
2026-03-01,R01,SR021,1751552.82
2026-03-01,R01,SR025,1219387.97
2026-03-01,R01,SR029,1403300.8
2026-03-01,R01,SR033,1297635.1
2026-03-01,R01,SR037,1800269.21
2026-03-01,R02,SR002,1891673.06
2026-03-01,R02,SR006,1530290.81
2026-03-01,R02,SR010,1490816.07
2026-03-01,R02,SR014,1704708.67
2026-03-01,R02,SR018,1766666.88
2026-03-01,R02,SR022,2015305.09
2026-03-01,R02,SR026,1805969.47
2026-03-01,R02,SR030,1720549.73
2026-03-01,R02,SR034,1938686.97
2026-03-01,R02,SR038,1603756.3
2026-03-01,R03,SR003,1453749.83
2026-03-01,R03,SR007,1863301.48
2026-03-01,R03,SR011,1858229.43
2026-03-01,R03,SR015,1260941.9
2026-03-01,R03,SR019,1767743.23
2026-03-01,R03,SR023,1144072.2
2026-03-01,R03,SR027,1440570.62
2026-03-01,R03,SR031,1208454.0
2026-03-01,R03,SR035,1313682.24
2026-03-01,R03,SR039,1315819.07
2026-03-01,R04,SR004,1568074.67
2026-03-01,R04,SR008,1520946.02
2026-03-01,R04,SR012,1328387.98
2026-03-01,R04,SR016,1536181.48
2026-03-01,R04,SR020,1185336.23
2026-03-01,R04,SR024,1202576.09
2026-03-01,R04,SR028,1734168.22
2026-03-01,R04,SR032,1501897.97
2026-03-01,R04,SR036,1733198.96
2026-03-01,R04,SR040,1587979.12
2026-04-01,R01,SR001,1252198.27
2026-04-01,R01,SR005,1852470.55
2026-04-01,R01,SR009,1586598.72
2026-04-01,R01,SR013,1887274.29
2026-04-01,R01,SR017,1458712.82
2026-04-01,R01,SR021,1963767.34
2026-04-01,R01,SR025,1727222.29
2026-04-01,R01,SR029,1178004.05
2026-04-01,R01,SR033,1989389.19
2026-04-01,R01,SR037,1991678.2
2026-04-01,R02,SR002,1580562.32
2026-04-01,R02,SR006,1308383.22
2026-04-01,R02,SR010,1355499.33
2026-04-01,R02,SR014,1285616.61
2026-04-01,R02,SR018,1590574.51
2026-04-01,R02,SR022,1885051.39
2026-04-01,R02,SR026,1508288.65
2026-04-01,R02,SR030,1185344.97
2026-04-01,R02,SR034,1441894.28
2026-04-01,R02,SR038,1623657.53
2026-04-01,R03,SR003,1301686.13
2026-04-01,R03,SR007,1183041.26
2026-04-01,R03,SR011,1911310.65
2026-04-01,R03,SR015,1913982.2
2026-04-01,R03,SR019,1674897.23
2026-04-01,R03,SR023,1359733.83
2026-04-01,R03,SR027,1630666.18
2026-04-01,R03,SR031,1373178.75
2026-04-01,R03,SR035,1368471.39
2026-04-01,R03,SR039,1475258.08
2026-04-01,R04,SR004,1500069.03
2026-04-01,R04,SR008,1487663.1
2026-04-01,R04,SR012,1657014.64
2026-04-01,R04,SR016,1691185.23
2026-04-01,R04,SR020,1156660.21
2026-04-01,R04,SR024,1438384.18
2026-04-01,R04,SR028,1429172.69
2026-04-01,R04,SR032,1580626.6
2026-04-01,R04,SR036,1908144.55
2026-04-01,R04,SR040,1924634.62
2026-05-01,R01,SR001,1871967.38
2026-05-01,R01,SR005,2005584.67
2026-05-01,R01,SR009,1275023.45
2026-05-01,R01,SR013,1179900.28
2026-05-01,R01,SR017,1222905.87
2026-05-01,R01,SR021,1212277.83
2026-05-01,R01,SR025,1223239.28
2026-05-01,R01,SR029,2033104.98
2026-05-01,R01,SR033,1402480.47
2026-05-01,R01,SR037,1578490.58
2026-05-01,R02,SR002,1991079.94
2026-05-01,R02,SR006,1401026.57
2026-05-01,R02,SR010,1583864.91
2026-05-01,R02,SR014,2035570.02
2026-05-01,R02,SR018,1614883.26
2026-05-01,R02,SR022,1629714.66
2026-05-01,R02,SR026,1567667.31
2026-05-01,R02,SR030,1830610.33
2026-05-01,R02,SR034,1498100.61
2026-05-01,R02,SR038,1479853.71
2026-05-01,R03,SR003,1816848.46
2026-05-01,R03,SR007,1513170.76
2026-05-01,R03,SR011,2018283.83
2026-05-01,R03,SR015,1746862.63
2026-05-01,R03,SR019,1582383.67
2026-05-01,R03,SR023,2000898.73
2026-05-01,R03,SR027,1393746.77
2026-05-01,R03,SR031,1655838.67
2026-05-01,R03,SR035,1371848.67
2026-05-01,R03,SR039,1474540.68
2026-05-01,R04,SR004,1158606.17
2026-05-01,R04,SR008,1567961.8
2026-05-01,R04,SR012,1454250.56
2026-05-01,R04,SR016,1797538.0
2026-05-01,R04,SR020,1273600.75
2026-05-01,R04,SR024,1313455.25
2026-05-01,R04,SR028,1354639.98
2026-05-01,R04,SR032,1956957.18
2026-05-01,R04,SR036,1882816.42
2026-05-01,R04,SR040,1368098.05
2026-06-01,R01,SR001,1392154.09
2026-06-01,R01,SR005,1862425.83
2026-06-01,R01,SR009,1647622.91
2026-06-01,R01,SR013,1974567.77
2026-06-01,R01,SR017,1828776.62
2026-06-01,R01,SR021,1256415.9
2026-06-01,R01,SR025,1815659.96
2026-06-01,R01,SR029,1463017.22
2026-06-01,R01,SR033,1451938.71
2026-06-01,R01,SR037,1732058.38
2026-06-01,R02,SR002,1449486.35
2026-06-01,R02,SR006,1654822.03
2026-06-01,R02,SR010,1817664.81
2026-06-01,R02,SR014,1923349.72
2026-06-01,R02,SR018,1636040.0
2026-06-01,R02,SR022,1657234.65
2026-06-01,R02,SR026,1573762.15
2026-06-01,R02,SR030,1558785.23
2026-06-01,R02,SR034,1236899.77
2026-06-01,R02,SR038,1763897.46
2026-06-01,R03,SR003,1183007.98
2026-06-01,R03,SR007,1470340.55
2026-06-01,R03,SR011,1522823.83
2026-06-01,R03,SR015,1204453.78
2026-06-01,R03,SR019,1305516.73
2026-06-01,R03,SR023,1396210.8
2026-06-01,R03,SR027,1697999.06
2026-06-01,R03,SR031,1470576.92
2026-06-01,R03,SR035,1577556.58
2026-06-01,R03,SR039,1217214.34
2026-06-01,R04,SR004,1838955.21
2026-06-01,R04,SR008,1640338.61
2026-06-01,R04,SR012,1357922.49
2026-06-01,R04,SR016,1607265.93
2026-06-01,R04,SR020,1271776.91
2026-06-01,R04,SR024,1606546.07
2026-06-01,R04,SR028,1365525.79
2026-06-01,R04,SR032,1971291.98
2026-06-01,R04,SR036,1382837.18
2026-06-01,R04,SR040,1274620.71
